Food Description,Nutritional Information
apple,"CompletionChoice(finish_reason='length', index=0, logprobs=None, text=';\n\t}\n\t\n\tpublic void setRolecontent(String rolecontent) {\n\t\tthis')"
apple,"Completion(id='cmpl-9gzR8J469rbaJSKZ30tViPOW8m1bF', choices=[CompletionChoice(finish_reason='length', index=0, logprobs=None, text='=post_content.getText().toString();\n                        if (selectmusic.getPath()!=null && ('), CompletionChoice(finish_reason='length', index=1, logprobs=None, text=' = new ListScriptsRoleContent();\n                   foreach (var item in roleModel.')], created=1720032966, model='gpt-3.5-turbo-instruct', object='text_completion', system_fingerprint=None, usage=CompletionUsage(completion_tokens=32, prompt_tokens=4, total_tokens=36))"
apple,"ChatCompletionMessage(content='An average-sized apple (about 182 grams) typically provides the following nutritional information:\n\n- Calories: 95\n- Total Carbohydrates: 25 grams\n  - Dietary Fiber: 4 grams\n  - Sugars: 19 grams\n- Fat: 0 grams\n- Protein: 0 grams\n- Vitamin C: 14% of the Daily Value (DV)\n- Potassium: 6% of the DV\n- Vitamin A: 1% of the DV\n\nPlease note that the exact values can vary slightly depending on the type and size of the apple.', role='assistant', function_call=None, tool_calls=None)"
apple,"One medium-sized apple (approximately 182 grams) typically contains the following approximate nutritional information:

- Calories: 95
- Carbohydrates: 25 grams
- Fiber: 4 grams
- Sugars: 19 grams
- Protein: 0 grams
- Fat: 0 grams
- Vitamin C: 14% of the Daily Value (DV)
- Potassium: 6% of the DV
- Vitamin K: 5% of the DV

This information may vary slightly based on the variety and size of the apple."
broccoli,"Broccoli is a nutritious vegetable that is low in calories but high in nutrients. Here is the approximate nutritional information for one cup of chopped raw broccoli (91 grams):

- Calories: 31
- Protein: 2.6 grams
- Carbohydrates: 6 grams
  - Dietary fiber: 2.4 grams
  - Sugars: 1.5 grams
- Fat: 0.4 grams
- Vitamin C: 81.2 mg (135% of the recommended daily intake)
- Vitamin K: 92.5 mcg (116% of the recommended daily intake)
- Folate: 57 mcg (14% of the recommended daily intake)
- Potassium: 288 mg
- Calcium: 43 mg
- Iron: 0.7 mg

Broccoli is also a good source of antioxidants and other vitamins and minerals that can contribute to a healthy diet."
Half of a sonic double cheeseburger,"The nutritional information for half of a Sonic double cheeseburger may vary slightly depending on specific ingredients and toppings, but in general, a full double cheeseburger from Sonic contains approximately:

- Calories: 880
- Total Fat: 56g
- Saturated Fat: 23g
- Cholesterol: 135mg
- Sodium: 1380mg
- Total Carbohydrates: 42g
- Dietary Fiber: 2g
- Sugars: 8g
- Protein: 47g

So, for half of a Sonic double cheeseburger, you would have half of these values. Be aware that this is just an estimate and actual values may vary."
Half of a sonic double cheeseburger,"Sure! The nutritional information for a full Sonic double cheeseburger is as follows:

- Calories: 1010
- Total Fat: 65g
- Saturated Fat: 28g
- Cholesterol: 190mg
- Sodium: 1590mg
- Total Carbohydrates: 51g
- Dietary Fiber: 3g
- Sugars: 11g
- Protein: 58g

If you have consumed half of a double cheeseburger, you can simply divide the above nutritional values by 2 to get half of the serving size. For example, half a double cheeseburger would contain approximately 505 calories, 32.5g of total fat, 14g of saturated fat, 95mg cholesterol, 795mg sodium, 25.5g of total carbohydrates, 1.5g dietary fiber, 5.5g sugars, and 29g of protein."
Two fried chicken tenders,"The nutritional information for two fried chicken tenders (approximately 108 grams) is as follows:

- Calories: 300
- Total Fat: 17g
  - Saturated Fat: 4g
  - Trans Fat: 0g
- Cholesterol: 85mg
- Sodium: 480mg
- Total Carbohydrate: 10g
  - Dietary Fiber: 1g
  - Sugars: 0g
- Protein: 24g

If a partial serving prompt is given, for example, a prompt for 1 chicken tender, you can divide the above information by 2 to get the nutritional information for 1 chicken tender."
Two fried chicken tenders,Sure! Can you please provide me with the weight or serving size of a single fried chicken tender so I can calculate the nutritional information for two of them?
80 grams,"Sure, I can help with that. Please provide the name of the food you would like the nutritional information for."
1/2 serving of Optimum Nutrition mass gainer with 2 cups of whole milk,"Sure! To calculate the nutritional information for 1/2 serving of Optimum Nutrition mass gainer mixed with 2 cups of whole milk, we first need to determine the nutritional values per full serving of the mass gainer and milk:

Optimum Nutrition Mass Gainer (per full serving):
- Calories: 650
- Protein: 60g
- Carbohydrates: 85g
- Fat: 8g

Whole Milk (per cup):
- Calories: 150
- Protein: 8g
- Carbohydrates: 12g
- Fat: 8g

Now, let's calculate the nutritional values for 1/2 serving of Optimum Nutrition mass gainer with 2 cups of whole milk:

Optimum Nutrition Mass Gainer (1/2 serving):
- Calories: 650/2 = 325
- Protein: 60g/2 = 30g
- Carbohydrates: 85g/2 = 42.5g
- Fat: 8g/2 = 4g

Whole Milk (2 cups):
- Calories: 150 * 2 = 300
- Protein: 8g * 2 = 16g
- Carbohydrates: 12g * 2 = 24g
- Fat: 8g * 2 = 16g

Total Nutritional Information for 1/2 serving of Optimum Nutrition Mass Gainer with 2 cups of Whole Milk:
- Calories: 325 + 300 = 625
- Protein: 30g + 16g = 46g
- Carbohydrates: 42.5g + 24g = 66.5g
- Fat: 4g + 16g = 20g

Therefore, 1/2 serving of Optimum Nutrition mass gainer mixed with 2 cups of whole milk has approximately 625 calories, 46g of protein, 66.5g of carbohydrates, and 20g of fat."
1/2 serving of Optimum Nutrition mass gainer with 2 cups of whole milk,"Sure! The standard serving size for Optimum Nutrition mass gainer is typically 4 scoops, which provides the following nutritional information when mixed with water:

- Calories: 760
- Total Fat: 12g
- Total Carbohydrates: 109g
- Protein: 50g

If you are having only 1/2 serving of the mass gainer with 2 cups of whole milk, which is equivalent to 16 fl oz or 473 ml, the nutritional information can be calculated as follows:

1/2 serving of mass gainer:
- Calories: 380
- Total Fat: 6g
- Total Carbohydrates: 54.5g
- Protein: 25g

2 cups of whole milk (approx.):
- Calories: 300
- Total Fat: 16g
- Total Carbohydrates: 24g
- Protein: 16g

Overall, for the combination of 1/2 serving of mass gainer with 2 cups of whole milk, you would consume approximately:
- Calories: 680
- Total Fat: 22g
- Total Carbohydrates: 78.5g
- Protein: 41g

Please note that the exact nutritional values may vary slightly based on the specific product and brand, so it's always good to check the nutrition label."
1/2 serving of Optimum Nutrition mass gainer with 2 cups of whole milk,"Certainly! 
First, I'll provide the nutritional information for a full serving of Optimum Nutrition mass gainer. Then, I'll calculate half of a serving and combine it with the nutritional information for 2 cups of whole milk.

**Full Serving of Optimum Nutrition Mass Gainer (serving size: 2 scoops)**:
- Calories: 760
- Protein: 50g
- Total Fat: 12g
- Carbohydrates: 112g
- Dietary Fiber: 5g
- Sugars: 15g
- Cholesterol: 80mg

**Half Serving of Optimum Nutrition Mass Gainer (serving size: 1 scoop)**:
- Calories: 380
- Protein: 25g
- Total Fat: 6g
- Carbohydrates: 56g
- Dietary Fiber: 2.5g
- Sugars: 7.5g
- Cholesterol: 40mg

**Nutritional Information for 2 Cups of Whole Milk (480ml)**:
- Calories: 300
- Protein: 16g
- Total Fat: 16g
- Carbohydrates: 24g
- Sugars: 24g
- Cholesterol: 40mg

**Combined Nutritional Information for 1/2 Serving of Optimum Nutrition Mass Gainer with 2 Cups of Whole Milk**:
- Calories: 680
- Protein: 41g
- Total Fat: 22g
- Carbohydrates: 80g
- Dietary Fiber: 2.5g
- Sugars: 31.5g
- Cholesterol: 80mg

Please note that these values are approximate and may vary based on the specific product and brand used."
1/2 serving of Optimum Nutrition mass gainer with 2 cups of whole milk,"Certainly! 
First, I'll provide the nutritional information for a full serving of Optimum Nutrition mass gainer. Then, I'll calculate half of a serving and combine it with the nutritional information for 2 cups of whole milk.

**Full Serving of Optimum Nutrition Mass Gainer (serving size: 2 scoops)**:
- Calories: 760
- Protein: 50g
- Total Fat: 12g
- Carbohydrates: 112g
- Dietary Fiber: 5g
- Sugars: 15g
- Cholesterol: 80mg

**Half Serving of Optimum Nutrition Mass Gainer (serving size: 1 scoop)**:
- Calories: 380
- Protein: 25g
- Total Fat: 6g
- Carbohydrates: 56g
- Dietary Fiber: 2.5g
- Sugars: 7.5g
- Cholesterol: 40mg

**Nutritional Information for 2 Cups of Whole Milk (480ml)**:
- Calories: 300
- Protein: 16g
- Total Fat: 16g
- Carbohydrates: 24g
- Sugars: 24g
- Cholesterol: 40mg

**Combined Nutritional Information for 1/2 Serving of Optimum Nutrition Mass Gainer with 2 Cups of Whole Milk**:
- Calories: 680
- Protein: 41g
- Total Fat: 22g
- Carbohydrates: 80g
- Dietary Fiber: 2.5g
- Sugars: 31.5g
- Cholesterol: 80mg

Please note that these values are approximate and may vary based on the specific product and brand used."
